,time,type,collection_id,scheduling_class,missing_type,collection_type,priority,alloc_collection_id,user,collection_name,collection_logical_name,parent_collection_id,start_after_collection_ids,max_per_machine,max_per_switch,vertical_scaling,scheduler
0,5396997580,1,375028105837,1,,0,115,,Py6uVxZa9VQsg/5T0KJtAl9poyV95qoBTvG7PZrFHDE=,Mr4VqTxT3cCPUSgJ/fhnMdvD3SUS2ubz8BoRGu2CZgk=,fzDNC9SJzCxycgRGcNuMV+G5rhNAk6hxdikiKQ+7rxk=,,[],,,3,1
1,1308601736,1,375007084316,2,,0,115,,+tvHHpU79T6KNqPFO5KYRfjslYLDrIq4QS+CQ98QCEY=,xMxWrEB4MS5pC3CWKfpNHsI6IA3YQcyFaPVyu9SCyGg=,429HJ3qXMdzQZj8ySFf+mCk1krjNb18FGH22otJIqPI=,,[],,,3,1
2,3116999051,1,375018400371,1,,0,115,,Py6uVxZa9VQsg/5T0KJtAl9poyV95qoBTvG7PZrFHDE=,9R0NX/tvPFPzgGetSxJjAnew1VwyiZFyCQYTsbmC2sI=,9crqYk5jYtS0PxrwGHduNFTRHTMsQkXgpQpN7RSwF34=,,[],,,3,1
3,4882973204,1,375026681521,1,,0,107,,F2+Gv53Pxd4KDRb/UsGECThH/XUOpcWKElUXJkhkt1c=,WI3A9YEh4SRBPYSLzKeGXk+WLEiHBxYCthu0spkg+c8=,xed2m6T0WfZVKzV0ccvLTvty3L88uVDr+vih5AC+h2A=,,[],,,3,1
4,4427607855,1,375024406978,1,,0,115,,ezkxADK6GETfs/7fumXzkHrTJpeFrxSLfT4+ErNzP1M=,dzookZoMfo2jZD1fJ248l6wJX3HvW45BDhG+RhB7vkY=,1xobSqRJB8+3O6szeuuyE193w5KpvWV1SoUMoRoxqyk=,,[],,,3,1
5,1910451425,1,375009383910,1,,0,103,,/o4X3IunK+hhQOPr+NRkjWgxjdJlGtk9ujTmgsSlZKc=,NxggRYl46cLLnttoWxVZiaazIscoylZsBadAF+yYcMk=,KJ8MV0Juy9uRXkIXxeA23iH+VVSuQ9++X+zRcNfUsEg=,,[],,,2,1
6,3190881676,1,375019454315,0,,0,115,,q2Qa6shVYQcDlBCTcwpxG9VyB6Vuq+85/SRLDfo4SAQ=,H/jQRgLswcW/she4eXAE4/PJjpgeLdswkyZ2D0hMuUU=,wQIlFUt3esZoHRyFjM2gnnRj/0tc6lrgsN5l5xCb3Cs=,,[375019454302],,,3,1
7,3133579181,1,375019411240,2,,0,115,,ZZlYnIklfKvfWvEHghfHI2OwwvJGdr0sKA/lXAPuNgg=,xlBDhQdxXla2lz9LwG2xZPsc8i9Cj/jPP17NeyxkAWY=,QHURBZv7kuKrCQ0J9ZGBY2OTwU9EBXDXrSQKlcC7n5g=,,[],,,3,1
8,2470370236,1,375014870593,1,,0,115,,BRDEyDXfqVpQ/yemoDnscQNNe+lv4mHrsNH/h2ot12s=,0rAEDydFmG6ojCaJoDXHcgMIHS+ogCASt5OH1x/eq6w=,WKoXTpLPCGWAPFeoCeCWT2VxHaDq6r7b5KQajJYUCW8=,,[],,,2,1
9,5084844605,1,375026855505,1,,0,107,,F2+Gv53Pxd4KDRb/UsGECThH/XUOpcWKElUXJkhkt1c=,Vg+tMSDmAP8hb9uIqqLE7bSqSGGPBEgWUvxoVcnIA8w=,xed2m6T0WfZVKzV0ccvLTvty3L88uVDr+vih5AC+h2A=,,[],,,3,1
10,2634825690,1,375015995910,1,,0,107,,F2+Gv53Pxd4KDRb/UsGECThH/XUOpcWKElUXJkhkt1c=,UZwSG2udB70mY4Ma+ZaNTfFDL9aaxCcN2Q0fXUGvU+g=,xed2m6T0WfZVKzV0ccvLTvty3L88uVDr+vih5AC+h2A=,,[],,,3,1
11,1472695406,1,375007157238,1,,0,107,,F2+Gv53Pxd4KDRb/UsGECThH/XUOpcWKElUXJkhkt1c=,Vg+tMSDmAP8hb9uIqqLE7bSqSGGPBEgWUvxoVcnIA8w=,xed2m6T0WfZVKzV0ccvLTvty3L88uVDr+vih5AC+h2A=,,[],,,3,1
12,4708428053,1,375026589211,1,,0,105,,V7uDXwO3QQcxMJgVvxc3UMlj75Hj44vuTCbNNfUcwTk=,yTQTHUXbaBXlGJw+qvBRyGz0s7QJ+f+aHiauYOUy4Jw=,5iV5UJLD/TCryrxF/7L1zzYxhrlEULxhmAlJT+tvd2k=,375026589179.0,[],2.0,,3,1
13,5009269283,1,374882114924,1,,0,105,,oK6/v6yt7HllNcQmV3P6j+1evVLKuGv2+id3XJ0UoAk=,25krT4h4mk2EfAajYVxY+0e5tlzALW/0SQAvdTE/mg0=,UxGhGxlYWwba99+Cmb6QA1wPxbmkjdrOcAdC36I45Tg=,374747014651.0,[],,,2,1
14,4471904525,1,375025427448,1,,0,115,,9alBj+46Jc++Lh+EbqJQ09hY0HsYDEdUtiax8+AJ2wE=,78nC8kXp3QZebbf5vRQNvoJyDkNLcQNQ3yQ39/ahGOw=,g/yReqocO4VYfE4raBLiWgP09Jw3duf1H3pG8Aptrlg=,,[],,,3,1
15,4472142334,1,375025427627,1,,0,115,,9alBj+46Jc++Lh+EbqJQ09hY0HsYDEdUtiax8+AJ2wE=,MMzFBmkmNDNu+Z4tpsNpeRYy0+DK5t5vPv6lXyE0liA=,g/yReqocO4VYfE4raBLiWgP09Jw3duf1H3pG8Aptrlg=,,[],,,3,1
16,4181495012,1,375024191342,1,,0,115,,L9amwd6HBxI2iZT4B/fkuePRIxmrVvrwf41mroL7uhA=,IaEvgrajqyo4lJocsCrcufgKK9nM+2vud5X85TQLejc=,iGrjyAIeBHrYy/kxNRJLVVdfPHb1jCQi8/50pADihaE=,,[],,,2,1
17,726958538,1,375000736173,1,,0,115,,GyYk1FhkHejNwfAu8vJ40nCjQbgQyRmputfdaPBxdSg=,HBTVWu6azbEk38VloMkUn6f1Cvfe6kq6hZjRa/l6EiY=,Ur+ZNdLw0gV8eGELmVVfELEY31Mhx6wpMbu7YwhVhnc=,,[],,,3,1
18,3075545519,1,375017365468,1,,0,115,,Py6uVxZa9VQsg/5T0KJtAl9poyV95qoBTvG7PZrFHDE=,T2bjakkHnwvDoEqcChnWgnVbPTzbIjJ069ZRLBPmEoY=,jlSql4vGyoadmzuhf3xKYxeaRF5H8FNU9/uCjk3ubJM=,,[],,,3,1
19,3137474968,1,375019413604,2,,0,115,,pgY0l8bIt03m9d1p0FZEmVlzW7U+GO0MzOT3ubCGkao=,EiKf9DCRYlL0KIGW/OVzTKLKAxQtm/GcQJ041q8mheM=,nqxMeBQhSoT8tr64HEc2dQ6jKbGXfy8bLoqIrx6cZA0=,375017334192.0,[],,,3,1
20,1440333477,1,375007146333,1,,0,115,,BRDEyDXfqVpQ/yemoDnscQNNe+lv4mHrsNH/h2ot12s=,v2A9DeYhfHZjMIBuLAGKnpa1/XFdsm8XgmGf9LocjYo=,WKoXTpLPCGWAPFeoCeCWT2VxHaDq6r7b5KQajJYUCW8=,,[],,,2,1
21,1830611470,1,375009336354,1,,0,115,,BRDEyDXfqVpQ/yemoDnscQNNe+lv4mHrsNH/h2ot12s=,BB4mdEYhpy6+06JAHRHhTzTUGCjhPyd/mviarGUPpnc=,WKoXTpLPCGWAPFeoCeCWT2VxHaDq6r7b5KQajJYUCW8=,,[],,,2,1
22,2938398405,1,375017233432,1,,0,115,,9alBj+46Jc++Lh+EbqJQ09hY0HsYDEdUtiax8+AJ2wE=,HP9Xc4HQtjjqsdwkaPrPdQSbGG4Z4sH1H7UWcEzACDQ=,q39XQwGPaIXF/PmYO+1b0xbH8Xi85RGdRHSRjSsYSe0=,,[],,,1,1
23,2808805322,1,375017149750,1,,0,115,,DO93peP+TJPNizWfJgDVwTgpLajbVHcnsqQfP3eQcKg=,K5CLxhRUVgLsiUM3U4YIw/EqIzyWip/7WwHtvUBV3Mo=,HkKHHhro3bOTNJIbXP9l/FurH/ec9QV0YiIRr5srJb8=,,[],,,3,1
24,3074268597,1,375017363840,1,,0,115,,Py6uVxZa9VQsg/5T0KJtAl9poyV95qoBTvG7PZrFHDE=,2tAVw1x4Hni4r808aBT+aJ45jYuDKJ8nCMPI6KnusXA=,S/0QWRbMoPr6O5axxEbkXhx+WSYy9qLFX5+6nin0slY=,,[],,,3,1
25,1315365237,1,375007087899,0,,0,103,,+tvHHpU79T6KNqPFO5KYRfjslYLDrIq4QS+CQ98QCEY=,fH/e0qXQ23Sk5pzXdvX1sTuGHJ+7bUUfkY1Pn8SyYfE=,MsXCsDCEAejsDACUleV8r8eKw/OrSOdul4HYeYQcHPU=,375007084316.0,[],,,3,1
26,4849150400,1,375026660938,1,,0,115,,+3Or0zjiTkLBDAV7IVth75JTKUOVJKvvxQQSWQc/5hw=,Zq6k9mvwYhc7PsuQrrQIKMzJLd1dMkJ/KVsWj6txAbE=,LpGFS6Ay34OPdDJr10Gc6c8e4ROvWA7g/Wk3DETzht4=,,[],,,3,1
27,5060571521,1,375026839515,1,,0,115,,aWqLV38dlrEVAq276KZ2/sRhej6NzA70VEwQil2tB/A=,lq3d1QnfUEbmJkpMvx1QFnsrmFKoTTXMcfjYlt9Rl4k=,+59lfqq5XFA3mNveQYjTydHRY1aB0a0xLk0LpcRkBJ8=,,[],,,3,1
28,4472246519,1,375025427655,1,,0,115,,9alBj+46Jc++Lh+EbqJQ09hY0HsYDEdUtiax8+AJ2wE=,L69ORLOKOLojABG5kaFeZ7smhQ+aEbgmbDoDB51jmxQ=,g/yReqocO4VYfE4raBLiWgP09Jw3duf1H3pG8Aptrlg=,,[],,,3,1
29,4856810096,1,375026664904,1,,0,115,,+3Or0zjiTkLBDAV7IVth75JTKUOVJKvvxQQSWQc/5hw=,GTup1AUTLVh5p7Ps73DMSV5ozTKHlsYZc3K4ylzTkAY=,XyUI+1SSg4mAzH1bg6K38klS1+oqUnRq4fPIVsboF0w=,,[],,,3,1
30,3070205589,1,375017358220,1,,0,115,,Py6uVxZa9VQsg/5T0KJtAl9poyV95qoBTvG7PZrFHDE=,wmin1xp6gI+RV3OEOfyV6qT4iAUjPHCPasIoaW9ZpL8=,AY1lbPtEG/B8MANg/G/7xZJ9MghdBNrGn4H96oQdnss=,,[],,,3,1
31,1713633789,1,375009263618,1,,0,115,,7L0yyNwiSj8VySMKiwg/6FiwkSiUhlRKT3xYxDMt2Xo=,8Pk/uwNxR9KdU+feDXoClvVS7/GPeMTXFLk2CPmNYb8=,CFulXuNmbm4O2xtjdPC8pOwcyzoDm21tl1ZTPwm4KdI=,,[],,,3,1
32,1233162702,1,375007051652,1,,0,115,,Akc8kZjx/PkqIC8YI8IwIZNzTnKELmxGYXaib0hM5MA=,ydp5FJIuG4reMeUzhRWGzY9gVrcCi+JKFhRaNmsIZkc=,XZaBociXN30v8bGmKPvkpZTFTQSkjwQprqbNg4EJ6Eo=,,[375007051620],,,3,1
33,4605558534,1,375025527495,1,,0,115,,BRDEyDXfqVpQ/yemoDnscQNNe+lv4mHrsNH/h2ot12s=,v2A9DeYhfHZjMIBuLAGKnpa1/XFdsm8XgmGf9LocjYo=,WKoXTpLPCGWAPFeoCeCWT2VxHaDq6r7b5KQajJYUCW8=,,[],,,2,1
34,2504936339,1,375014886407,1,,0,115,,BRDEyDXfqVpQ/yemoDnscQNNe+lv4mHrsNH/h2ot12s=,vcTv9kQHxLAOtYMZ5km4PqNgE7g6m+O35lLzaD2vf0k=,WKoXTpLPCGWAPFeoCeCWT2VxHaDq6r7b5KQajJYUCW8=,,[],,,2,1
35,700129361,1,375000722593,1,,0,115,,BRDEyDXfqVpQ/yemoDnscQNNe+lv4mHrsNH/h2ot12s=,3NiP+sS99VOX0IuTXyrsYvcM84t2/qfuREFpUhKP5WM=,WKoXTpLPCGWAPFeoCeCWT2VxHaDq6r7b5KQajJYUCW8=,,[],,,2,1
36,4414531694,1,375024397795,1,,0,107,,F2+Gv53Pxd4KDRb/UsGECThH/XUOpcWKElUXJkhkt1c=,UZwSG2udB70mY4Ma+ZaNTfFDL9aaxCcN2Q0fXUGvU+g=,xed2m6T0WfZVKzV0ccvLTvty3L88uVDr+vih5AC+h2A=,,[],,,3,1
37,4079159825,1,375022113984,1,,0,103,,5mQs3yiO/Q+QDvHQkPsWMkLfDhh9eLt+y8LkMgMhEQ4=,fZKClGGCZnATEQkeALEQFYUUp8hJ1+7/6JK1phdgJ40=,SbZ78PmEITNGgym8LxtkmJJmH7hGN7O9IOBjKfP2vRM=,374628265996.0,[],,,2,1
38,2900181679,1,375017240612,1,,0,107,,dxg60ik7Gf4kyZ4D/ji1iZtDrRJLj9dsQQbLyKuj3AY=,DSqUpYUT6pgVLdgISsbvCXNCvmh64gT3bwC+XlWhF78=,VHxK0hmeJdQIOhe3Ij4bcKKMPrS0BDm9uQ9uHviJ758=,,[],,,2,1
39,3191014727,1,375019454321,0,,0,115,,q2Qa6shVYQcDlBCTcwpxG9VyB6Vuq+85/SRLDfo4SAQ=,dWyfsPqMlU1Ip4gibE+0iar3ATOkll3Y55YfnZ6Fsas=,5yEd43gcB53lJrohhy4DCl+o2nUQgE/UGJobElEBj/g=,,[375019454315],,,3,1
40,921481238,1,375002842844,2,,0,115,,TXObkT9bCrqDfTtwV4VSM7DAPrmFGfltRNs3gHIalxI=,6EW2A2nBpN9BBTWZjPQyHL/+8EG7lsXqQTZC/2yJ3ow=,D6iYosLoQi4bCBHAy4kJP8ORxq9vbJ60JShyD2GTw/4=,,[],,,3,1
41,2492074705,1,375014881097,1,,0,115,,Py6uVxZa9VQsg/5T0KJtAl9poyV95qoBTvG7PZrFHDE=,EFq0dA9VluMwK/nTeI/ZnMrYMlB4qc0hcehlQe9+9fo=,Bbwjz4BnQDVBaizbL/h89fAcryjotfESwE7b/Y2CnHQ=,,[],,,3,1
42,917518746,1,375002840972,2,,0,115,,TXObkT9bCrqDfTtwV4VSM7DAPrmFGfltRNs3gHIalxI=,apEqyV6h8A7xBwZsnW0IBlm7szP1DiSIW9z8GZ1MA9A=,SAy+tayeFqK6Ky5/G+dwiduN933g1G+yZJwBuDtsQK8=,,[],,,3,1
43,4062047162,1,375022101204,1,,0,115,,L9amwd6HBxI2iZT4B/fkuePRIxmrVvrwf41mroL7uhA=,5If6WrTflv7PG52lT75e+ccuPfqcfyI/MgAQofgn1cQ=,PbfxVf2NfwLAptIO/xL2RxnTt8k6EXcUhc8OlyA6YdQ=,,[],,,2,1
44,918872239,1,375002841021,2,,0,115,,TXObkT9bCrqDfTtwV4VSM7DAPrmFGfltRNs3gHIalxI=,uancEScILdWYycDUctHZlaWxzUcF4oud8+HOR7vkp+c=,q+99D1SIR04n4u0JnViBoI9+I7ZYFkYgQIfBeLXRYh8=,,[],,,3,1
45,2600394865,1,375015977029,1,,0,115,,Py6uVxZa9VQsg/5T0KJtAl9poyV95qoBTvG7PZrFHDE=,rFY234/xzpqIo603iHIha0toyfR6aY03yh3vJeuRSCY=,AfSC7/uatVx2av7gvyw/qGLTT5E+tk+3k6Ll/2bea5s=,,[],,,3,1
46,3072790172,1,375017361547,1,,0,115,,Py6uVxZa9VQsg/5T0KJtAl9poyV95qoBTvG7PZrFHDE=,vMdMJH2dOXjyL7O1V11SEpsXjGQNMFUjBz+khdoHLks=,devRAFIMJM5Lr+m30BaJ3yxkiSuc65TKfC6ID3b6Jks=,,[],,,3,1
47,3048548077,1,375017340147,1,,0,107,,F2+Gv53Pxd4KDRb/UsGECThH/XUOpcWKElUXJkhkt1c=,WI3A9YEh4SRBPYSLzKeGXk+WLEiHBxYCthu0spkg+c8=,xed2m6T0WfZVKzV0ccvLTvty3L88uVDr+vih5AC+h2A=,,[],,,3,1
48,2944073441,1,375017273205,1,,0,103,,5mQs3yiO/Q+QDvHQkPsWMkLfDhh9eLt+y8LkMgMhEQ4=,GHw1xBRFRr0RS3A0lXUJgqs8dCkQOSQ+P0zR/ff/nqE=,SbZ78PmEITNGgym8LxtkmJJmH7hGN7O9IOBjKfP2vRM=,374628265996.0,[],,,2,1
49,709673916,1,375000726490,1,,0,115,,7HL1/9dafaOmwPVeyH1gBehAQ6ts10VJ4e8JB7qng1o=,En1bM2cakpYy0tg2f7dlp/u4VgPO4VfCQXZl7ymY5bU=,ek+UYyQN+0uWXiD6XrPcsZRoGiruANw9WFocLMrPKp4=,,[],,,3,1
50,2024633255,1,375013462939,1,,0,115,,+3Or0zjiTkLBDAV7IVth75JTKUOVJKvvxQQSWQc/5hw=,Mxov0quoMYumD48fI13ZcjYYqpG8zfObK5JYk3+VuMo=,jffm111Xtp2gB5JRQ3KcUMxyoTSd7ed/hT5r1KqgZ78=,,[],,,3,1
51,3283256886,1,375019522919,1,,0,107,,F2+Gv53Pxd4KDRb/UsGECThH/XUOpcWKElUXJkhkt1c=,Vg+tMSDmAP8hb9uIqqLE7bSqSGGPBEgWUvxoVcnIA8w=,xed2m6T0WfZVKzV0ccvLTvty3L88uVDr+vih5AC+h2A=,,[],,,3,1
52,1240548158,1,375007054221,1,,0,107,,F2+Gv53Pxd4KDRb/UsGECThH/XUOpcWKElUXJkhkt1c=,WI3A9YEh4SRBPYSLzKeGXk+WLEiHBxYCthu0spkg+c8=,xed2m6T0WfZVKzV0ccvLTvty3L88uVDr+vih5AC+h2A=,,[],,,3,1
53,4962274981,1,375026760005,0,,0,105,,fUUjOG1iUuzEtLmx8ei+IkcWGJeYL1LF2XtR8hy449g=,pmClXoHoI/eydlbO0OHnyEGGZOcoamy5Y5v3M7DDt68=,j7qtTxY9IV4+mhhnjoI5TwqaddF57T9igk+xX0X0L5c=,375026743616.0,[],,,3,1
54,4472002464,1,375025427475,1,,0,115,,9alBj+46Jc++Lh+EbqJQ09hY0HsYDEdUtiax8+AJ2wE=,3VfBjsmfl2/8WtQurScQ0F8lyc55T8+t4qIuJRjXQss=,g/yReqocO4VYfE4raBLiWgP09Jw3duf1H3pG8Aptrlg=,,[],,,3,1
55,1314868683,1,375007087639,0,,0,103,,+tvHHpU79T6KNqPFO5KYRfjslYLDrIq4QS+CQ98QCEY=,8lE6FSfI2fJ5p7Y1UMQ8upbtLjyqDzWrgn9cUmqzVgc=,kgDYqjDSzoDBlDVdZvKTI0FokHyE1xCWqxCBL8VULAA=,375007084316.0,[],,,3,1
56,4708324360,1,375026589179,1,,0,115,,V7uDXwO3QQcxMJgVvxc3UMlj75Hj44vuTCbNNfUcwTk=,Oo9kSAM4a29oDUq17LCGiajG4mi5vlVMfTD1ghavhO8=,ujxJUBhjZd3hkORrLJ06FmnQXIsrzmdCU8XArR3e5as=,375024343061.0,[],2.0,,3,1
57,1233230476,1,375007051686,1,,0,115,,Akc8kZjx/PkqIC8YI8IwIZNzTnKELmxGYXaib0hM5MA=,5hjFBHTfQ0kvoh2KoPgw0KLhHIlw1UkJqlpCf8RREbM=,5nHG9PtGeGmRMBWILBbZc/N4KgO2OsviEUYKn8tQjGM=,,[375007051652],,,3,1
58,5339536437,1,375028058420,1,,0,115,,L9amwd6HBxI2iZT4B/fkuePRIxmrVvrwf41mroL7uhA=,zB1dGEMrPsg5HDYIAD1QEk7yOzTrHg9NrLJGatsajLk=,PbfxVf2NfwLAptIO/xL2RxnTt8k6EXcUhc8OlyA6YdQ=,,[],,,2,1
59,4819069196,1,375026642941,1,,0,115,,+3Or0zjiTkLBDAV7IVth75JTKUOVJKvvxQQSWQc/5hw=,xxCGyJIYVPPehCDUubFOoQmyPyB2EuGMsaSCFxvkk1U=,L9Hh0Iu3K8npjeyzaaFATKsNAGBvYT6bJIA3aCi+icQ=,,[],,,3,1
60,4961928373,1,375026748211,0,,0,105,,fUUjOG1iUuzEtLmx8ei+IkcWGJeYL1LF2XtR8hy449g=,PoXqgGIoZ4N7k0q+1WfSHh2tOgnDzhQe280ainaN0EE=,vQmFZ/kE5Qip1UBbonp5lUOH9y5Ae4ZjB7RU0sk8HPg=,375026743616.0,[],,,3,1
61,2418199643,1,375014813814,1,,0,115,,zJChMrgZu1zJqgFWV/gOM3oLYlwdng3A/VZz/nTK2VU=,bnK+5Gk/JxHisrOD4tfMg0WalR3SSYyz7V/ra+8gjE4=,Jfo9uHJNVA6pGw7SgyWE87WN+ZwLgBrRZLXlClDhJa8=,,[],,,3,1
62,799295823,1,375001765435,1,,0,115,,BRDEyDXfqVpQ/yemoDnscQNNe+lv4mHrsNH/h2ot12s=,4JAco9PAKTKdaNb6Zvtj6YauUz7nuaaar7+9/gKj9c0=,WKoXTpLPCGWAPFeoCeCWT2VxHaDq6r7b5KQajJYUCW8=,,[],,,2,1
63,917518716,1,375002840970,2,,0,115,,TXObkT9bCrqDfTtwV4VSM7DAPrmFGfltRNs3gHIalxI=,aY6JuQQnkqyCCy3N9kfoMSdmE0KwaKoeDgb2Aioh+w4=,8Eo3dZqYPPO9STWhKcZtSBB/j4X6lSpvCNg7ERZWJLQ=,,[],,,3,1
64,1292440628,1,375007077433,1,,0,115,,L9amwd6HBxI2iZT4B/fkuePRIxmrVvrwf41mroL7uhA=,O62R2g2BAsJc6CaeNinj3RRnCSGWTiQHwbSyiGQwjT4=,PbfxVf2NfwLAptIO/xL2RxnTt8k6EXcUhc8OlyA6YdQ=,,[],,,2,1
65,2613765329,1,375015982880,1,,0,115,,L9amwd6HBxI2iZT4B/fkuePRIxmrVvrwf41mroL7uhA=,GyIaGBKKyqdHgQirXJUgT9+hb6WpJt67sMuubqnVY/w=,PbfxVf2NfwLAptIO/xL2RxnTt8k6EXcUhc8OlyA6YdQ=,,[],,,2,1
66,3190837187,1,375019454302,0,,0,115,,q2Qa6shVYQcDlBCTcwpxG9VyB6Vuq+85/SRLDfo4SAQ=,GDoCNxIAbjJXoFNmJeFwWYwnKkxkTShZyB5CkaaYKzg=,HrlYoK6nOYVgmU8ImI9I9/V+eL7XkMr88S/wzc+cMmE=,,[],,,3,1
67,4075701404,1,375022112287,1,,0,103,,9alBj+46Jc++Lh+EbqJQ09hY0HsYDEdUtiax8+AJ2wE=,xWFv0oAFVUafr8GyaclUniOfeNz1Z4iocdbvhcAYwJs=,QFvL9MNkDRtx1D1phHrD/DY3raDzl6NyFR3CzttmHq4=,374539636807.0,[],,,2,1
68,3191220531,1,375019454833,0,,0,115,,q2Qa6shVYQcDlBCTcwpxG9VyB6Vuq+85/SRLDfo4SAQ=,IS71TWb3D9YJUcCZhbmFN4WKQ6YW6UlDwru8jqEBvHQ=,/yIwnAykALBCfntQX0QPCBXNJfQpohu49vr91VnGOF8=,,[375019454321],,,3,1
69,3071486273,1,375017360879,1,,0,115,,Py6uVxZa9VQsg/5T0KJtAl9poyV95qoBTvG7PZrFHDE=,0hUwdYbCDqcMnQE6IDZ7lr8fhmX5TCCz3m5xXwYLVzQ=,aTsTc9TDsH4x0K0kRAUF9oEwBSGhZk+aTkVRfqNJ6ew=,,[],,,3,1
70,3068737569,1,375017357573,1,,0,115,,Py6uVxZa9VQsg/5T0KJtAl9poyV95qoBTvG7PZrFHDE=,Y9S0clbxgYF998MzqDWihwqgSWphWsnk8qRgItOfsBg=,hjzGiQd8NHXS7HdEmw9G4E4hWwp7jvKsEFnaIHLFflo=,,[],,,3,1
71,3123338329,1,375019403299,2,,0,115,,Py6uVxZa9VQsg/5T0KJtAl9poyV95qoBTvG7PZrFHDE=,Enn46fNF3BUTtUhmbNQ9AfthOO6suynYAgUuAseW5oQ=,qJzcH7BRdyKyrylZiOFjcBzVTr4aWBPu0WJpSEZWo30=,,[],,,3,1
72,999242131,1,375003921539,2,,0,115,,pgY0l8bIt03m9d1p0FZEmVlzW7U+GO0MzOT3ubCGkao=,R+xU6ylabMtPa1xqn427EXhdKTGTl28RwxyPewUDKAM=,nqxMeBQhSoT8tr64HEc2dQ6jKbGXfy8bLoqIrx6cZA0=,375002835957.0,[],,,3,1
73,1233070004,1,375007051620,1,,0,115,,Akc8kZjx/PkqIC8YI8IwIZNzTnKELmxGYXaib0hM5MA=,Jt0Ii8GGOOvYKAQHwscqDeCRyMrRwE8YHU6VrrqW9Rc=,Ei2x4IH4sgUusUlHp8csGqTFviclCiX/PuK9gw3K4rQ=,,[],,,3,1
74,4446620278,1,375024416810,1,,0,115,,BRDEyDXfqVpQ/yemoDnscQNNe+lv4mHrsNH/h2ot12s=,0rAEDydFmG6ojCaJoDXHcgMIHS+ogCASt5OH1x/eq6w=,WKoXTpLPCGWAPFeoCeCWT2VxHaDq6r7b5KQajJYUCW8=,,[],,,2,1
75,828561030,1,375002783864,1,,0,107,,F2+Gv53Pxd4KDRb/UsGECThH/XUOpcWKElUXJkhkt1c=,UZwSG2udB70mY4Ma+ZaNTfFDL9aaxCcN2Q0fXUGvU+g=,xed2m6T0WfZVKzV0ccvLTvty3L88uVDr+vih5AC+h2A=,,[],,,3,1
